[
  {
    "id": 857,
    "link": "/rankings/mens/player-rankings/857",
    "rank": 1,
    "name": "josh hazlewood",
    "rating": "660",
    "country": "AUS"
  },
  {
    "id": 969,
    "link": "/rankings/mens/player-rankings/969",
    "rank": 2,
    "name": "trent boult",
    "rating": "659",
    "country": "NZ"
  },
  {
    "id": 3840,
    "link": "/rankings/mens/player-rankings/3840",
    "rank": 3,
    "name": "mohammed siraj",
    "rating": "656",
    "country": "IND"
  },
  {
    "id": 2885,
    "link": "/rankings/mens/player-rankings/2885",
    "rank": 4,
    "name": "rashid khan",
    "rating": "654",
    "country": "AFG"
  },
  {
    "id": 4572,
    "link": "/rankings/mens/player-rankings/4572",
    "rank": 5,
    "name": "mujeeb ur rahman",
    "rating": "644",
    "country": "AFG"
  },
  {
    "id": 1894,
    "link": "/rankings/mens/player-rankings/1894",
    "rank": 6,
    "name": "keshav maharaj",
    "rating": "644",
    "country": "SA"
  },
  {
    "id": 1505,
    "link": "/rankings/mens/player-rankings/1505",
    "rank": 7,
    "name": "matt henry",
    "rating": "642",
    "country": "NZ"
  },
  {
    "id": 261,
    "link": "/rankings/mens/player-rankings/261",
    "rank": 8,
    "name": "kuldeep yadav",
    "rating": "641",
    "country": "IND"
  },
  {
    "id": 490,
    "link": "/rankings/mens/player-rankings/490",
    "rank": 9,
    "name": "mitchell starc",
    "rating": "634",
    "country": "AUS"
  },
  {
    "id": 618,
    "link": "/rankings/mens/player-rankings/618",
    "rank": 10,
    "name": "mohammad nabi",
    "rating": "633",
    "country": "AFG"
  },
  {
    "id": 958,
    "link": "/rankings/mens/player-rankings/958",
    "rank": 11,
    "name": "adam zampa",
    "rating": "615",
    "country": "AUS"
  },
  {
    "id": 4530,
    "link": "/rankings/mens/player-rankings/4530",
    "rank": 12,
    "name": "shaheen afridi",
    "rating": "613",
    "country": "PAK"
  },
  {
    "id": 1650,
    "link": "/rankings/mens/player-rankings/1650",
    "rank": 13,
    "name": "mark watt",
    "rating": "611",
    "country": "SCO"
  },
  {
    "id": 1124,
    "link": "/rankings/mens/player-rankings/1124",
    "rank": 14,
    "name": "jasprit bumrah",
    "rating": "606",
    "country": "IND"
  },
  {
    "id": 1664,
    "link": "/rankings/mens/player-rankings/1664",
    "rank": 15,
    "name": "kagiso rabada",
    "rating": "606",
    "country": "SA"
  },
  {
    "id": 3746,
    "link": "/rankings/mens/player-rankings/3746",
    "rank": 16,
    "name": "lungi ngidi",
    "rating": "592",
    "country": "SA"
  },
  {
    "id": 201,
    "link": "/rankings/mens/player-rankings/201",
    "rank": 17,
    "name": "shakib al hasan",
    "rating": "591",
    "country": "BAN"
  },
  {
    "id": 1225,
    "link": "/rankings/mens/player-rankings/1225",
    "rank": 18,
    "name": "bernard scholtz",
    "rating": "589",
    "country": "NAM"
  },
  {
    "id": 8055,
    "link": "/rankings/mens/player-rankings/8055",
    "rank": 19,
    "name": "saurabh netravalkar",
    "rating": "586",
    "country": "USA"
  },
  {
    "id": 967,
    "link": "/rankings/mens/player-rankings/967",
    "rank": 20,
    "name": "chris woakes",
    "rating": "582",
    "country": "ENG"
  },
  {
    "id": 20707,
    "link": "/rankings/mens/player-rankings/20707",
    "rank": 21,
    "name": "maheesh theekshana",
    "rating": "581",
    "country": "SL"
  },
  {
    "id": -1,
    "link": "/rankings/mens/player-rankings/",
    "rank": 22,
    "name": "haris rauf",
    "rating": "568",
    "country": "PAK"
  },
  {
    "id": 20593,
    "link": "/rankings/mens/player-rankings/20593",
    "rank": 23,
    "name": "akeal hosein",
    "rating": "563",
    "country": "WI"
  },
  {
    "id": 3098,
    "link": "/rankings/mens/player-rankings/3098",
    "rank": 24,
    "name": "alzarri joseph",
    "rating": "558",
    "country": "WI"
  },
  {
    "id": 1594,
    "link": "/rankings/mens/player-rankings/1594",
    "rank": 25,
    "name": "mustafizur rahman",
    "rating": "555",
    "country": "BAN"
  },
  {
    "id": 2839,
    "link": "/rankings/mens/player-rankings/2839",
    "rank": 26,
    "name": "reece topley",
    "rating": "553",
    "country": "ENG"
  },
  {
    "id": 1903,
    "link": "/rankings/mens/player-rankings/1903",
    "rank": 27,
    "name": "mitchell santner",
    "rating": "548",
    "country": "NZ"
  },
  {
    "id": 1365,
    "link": "/rankings/mens/player-rankings/1365",
    "rank": 28,
    "name": "andy mcbrine",
    "rating": "545",
    "country": "IRE"
  },
  {
    "id": 3502,
    "link": "/rankings/mens/player-rankings/3502",
    "rank": 29,
    "name": "jofra archer",
    "rating": "544",
    "country": "ENG"
  },
  {
    "id": 3013,
    "link": "/rankings/mens/player-rankings/3013",
    "rank": 30,
    "name": "sandeep lamichhane",
    "rating": "539",
    "country": "NEP"
  },
  {
    "id": 94,
    "link": "/rankings/mens/player-rankings/94",
    "rank": 31,
    "name": "mohammad shami",
    "rating": "539",
    "country": "IND"
  },
  {
    "id": 488,
    "link": "/rankings/mens/player-rankings/488",
    "rank": 32,
    "name": "pat cummins",
    "rating": "538",
    "country": "AUS"
  },
  {
    "id": 3316,
    "link": "/rankings/mens/player-rankings/3316",
    "rank": 33,
    "name": "mark adair",
    "rating": "529",
    "country": "IRE"
  },
  {
    "id": 3309,
    "link": "/rankings/mens/player-rankings/3309",
    "rank": 34,
    "name": "tabraiz shamsi",
    "rating": "526",
    "country": "SA"
  },
  {
    "id": 3116,
    "link": "/rankings/mens/player-rankings/3116",
    "rank": 35,
    "name": "richard ngarava",
    "rating": "518",
    "country": "ZIM"
  },
  {
    "id": 796,
    "link": "/rankings/mens/player-rankings/796",
    "rank": 36,
    "name": "adil rashid",
    "rating": "518",
    "country": "ENG"
  },
  {
    "id": 9,
    "link": "/rankings/mens/player-rankings/9",
    "rank": 37,
    "name": "ravindra jadeja",
    "rating": "515",
    "country": "IND"
  },
  {
    "id": 1652,
    "link": "/rankings/mens/player-rankings/1652",
    "rank": 38,
    "name": "christopher sole",
    "rating": "509",
    "country": "SCO"
  },
  {
    "id": 21107,
    "link": "/rankings/mens/player-rankings/21107",
    "rank": 39,
    "name": "ruben trumpelmann",
    "rating": "508",
    "country": "NAM"
  },
  {
    "id": 2758,
    "link": "/rankings/mens/player-rankings/2758",
    "rank": 40,
    "name": "david willey",
    "rating": "505",
    "country": "ENG"
  },
  {
    "id": 2749,
    "link": "/rankings/mens/player-rankings/2749",
    "rank": 41,
    "name": "mark wood",
    "rating": "503",
    "country": "ENG"
  },
  {
    "id": -1,
    "link": "/rankings/mens/player-rankings/",
    "rank": 42,
    "name": "aayan afzal khan",
    "rating": "500",
    "country": "UAE"
  },
  {
    "id": 3221,
    "link": "/rankings/mens/player-rankings/3221",
    "rank": 43,
    "name": "bilal khan",
    "rating": "499",
    "country": "OMA"
  },
  {
    "id": 19231,
    "link": "/rankings/mens/player-rankings/19231",
    "rank": 44,
    "name": "fazalhaq farooqi",
    "rating": "496",
    "country": "AFG"
  },
  {
    "id": 3195,
    "link": "/rankings/mens/player-rankings/3195",
    "rank": 45,
    "name": "mohammad nawaz",
    "rating": "496",
    "country": "PAK"
  },
  {
    "id": 3082,
    "link": "/rankings/mens/player-rankings/3082",
    "rank": 46,
    "name": "wanindu hasaranga",
    "rating": "493",
    "country": "SL"
  },
  {
    "id": 1794,
    "link": "/rankings/mens/player-rankings/1794",
    "rank": 47,
    "name": "logan van beek",
    "rating": "493",
    "country": "NED"
  },
  {
    "id": 1597,
    "link": "/rankings/mens/player-rankings/1597",
    "rank": 48,
    "name": "mehedi hasan",
    "rating": "493",
    "country": "BAN"
  },
  {
    "id": 1745,
    "link": "/rankings/mens/player-rankings/1745",
    "rank": 49,
    "name": "shardul thakur",
    "rating": "489",
    "country": "IND"
  },
  {
    "id": 1757,
    "link": "/rankings/mens/player-rankings/1757",
    "rank": 50,
    "name": "craig young",
    "rating": "487",
    "country": "IRE"
  },
  {
    "id": 2837,
    "link": "/rankings/mens/player-rankings/2837",
    "rank": 51,
    "name": "zeeshan maqsood",
    "rating": "483",
    "country": "OMA"
  },
  {
    "id": 3729,
    "link": "/rankings/mens/player-rankings/3729",
    "rank": 52,
    "name": "lachlan ferguson",
    "rating": "482",
    "country": "NZ"
  },
  {
    "id": 4590,
    "link": "/rankings/mens/player-rankings/4590",
    "rank": 53,
    "name": "blessing muzarabani",
    "rating": "482",
    "country": "ZIM"
  },
  {
    "id": -1,
    "link": "/rankings/mens/player-rankings/",
    "rank": 54,
    "name": "kaleemullah",
    "rating": "481",
    "country": "OMA"
  },
  {
    "id": 17113,
    "link": "/rankings/mens/player-rankings/17113",
    "rank": 55,
    "name": "nosthush kenjige",
    "rating": "479",
    "country": "USA"
  },
  {
    "id": 1417,
    "link": "/rankings/mens/player-rankings/1417",
    "rank": 56,
    "name": "safyaan sharif",
    "rating": "477",
    "country": "SCO"
  },
  {
    "id": 942,
    "link": "/rankings/mens/player-rankings/942",
    "rank": 57,
    "name": "sean abbott",
    "rating": "476",
    "country": "AUS"
  },
  {
    "id": 2740,
    "link": "/rankings/mens/player-rankings/2740",
    "rank": 58,
    "name": "hardik pandya",
    "rating": "474",
    "country": "IND"
  },
  {
    "id": 1215,
    "link": "/rankings/mens/player-rankings/1215",
    "rank": 59,
    "name": "rohan mustafa",
    "rating": "473",
    "country": "UAE"
  },
  {
    "id": 1839,
    "link": "/rankings/mens/player-rankings/1839",
    "rank": 60,
    "name": "taskin ahmed",
    "rating": "472",
    "country": "BAN"
  },
  {
    "id": 1129,
    "link": "/rankings/mens/player-rankings/1129",
    "rank": 61,
    "name": "sikandar raza",
    "rating": "468",
    "country": "ZIM"
  },
  {
    "id": 2983,
    "link": "/rankings/mens/player-rankings/2983",
    "rank": 62,
    "name": "joshua little",
    "rating": "465",
    "country": "IRE"
  },
  {
    "id": 1403,
    "link": "/rankings/mens/player-rankings/1403",
    "rank": 63,
    "name": "assad vala",
    "rating": "464",
    "country": "PNG"
  },
  {
    "id": 2801,
    "link": "/rankings/mens/player-rankings/2801",
    "rank": 64,
    "name": "chad soper",
    "rating": "462",
    "country": "PNG"
  },
  {
    "id": -1,
    "link": "/rankings/mens/player-rankings/",
    "rank": 65,
    "name": "dipendra airee",
    "rating": "458",
    "country": "NEP"
  },
  {
    "id": 18832,
    "link": "/rankings/mens/player-rankings/18832",
    "rank": 66,
    "name": "naseem shah",
    "rating": "455",
    "country": "PAK"
  },
  {
    "id": 2861,
    "link": "/rankings/mens/player-rankings/2861",
    "rank": 67,
    "name": "fred klaassen",
    "rating": "454",
    "country": "NED"
  },
  {
    "id": 3046,
    "link": "/rankings/mens/player-rankings/3046",
    "rank": 68,
    "name": "shadab khan",
    "rating": "453",
    "country": "PAK"
  },
  {
    "id": 3863,
    "link": "/rankings/mens/player-rankings/3863",
    "rank": 69,
    "name": "zahoor khan",
    "rating": "446",
    "country": "UAE"
  },
  {
    "id": 1735,
    "link": "/rankings/mens/player-rankings/1735",
    "rank": 70,
    "name": "moeen ali",
    "rating": "446",
    "country": "ENG"
  },
  {
    "id": 20839,
    "link": "/rankings/mens/player-rankings/20839",
    "rank": 71,
    "name": "aryan dutt",
    "rating": "439",
    "country": "NED"
  },
  {
    "id": -1,
    "link": "/rankings/mens/player-rankings/",
    "rank": 72,
    "name": "junaid siddique",
    "rating": "439",
    "country": "UAE"
  },
  {
    "id": 17068,
    "link": "/rankings/mens/player-rankings/17068",
    "rank": 73,
    "name": "marco jansen",
    "rating": "439",
    "country": "SA"
  },
  {
    "id": 1304,
    "link": "/rankings/mens/player-rankings/1304",
    "rank": 74,
    "name": "ish sodhi",
    "rating": "436",
    "country": "NZ"
  },
  {
    "id": 307,
    "link": "/rankings/mens/player-rankings/307",
    "rank": 75,
    "name": "tim southee",
    "rating": "433",
    "country": "NZ"
  },
  {
    "id": -1,
    "link": "/rankings/mens/player-rankings/",
    "rank": 76,
    "name": "mohammad shoriful islam",
    "rating": "432",
    "country": "BAN"
  },
  {
    "id": 111,
    "link": "/rankings/mens/player-rankings/111",
    "rank": 77,
    "name": "yuzvendra chahal",
    "rating": "432",
    "country": "IND"
  },
  {
    "id": 817,
    "link": "/rankings/mens/player-rankings/817",
    "rank": 78,
    "name": "dushmantha chameera",
    "rating": "432",
    "country": "SL"
  },
  {
    "id": 1418,
    "link": "/rankings/mens/player-rankings/1418",
    "rank": 79,
    "name": "michael leask",
    "rating": "431",
    "country": "SCO"
  },
  {
    "id": 1904,
    "link": "/rankings/mens/player-rankings/1904",
    "rank": 80,
    "name": "taijul islam",
    "rating": "430",
    "country": "BAN"
  },
  {
    "id": 1075,
    "link": "/rankings/mens/player-rankings/1075",
    "rank": 81,
    "name": "jason holder",
    "rating": "429",
    "country": "WI"
  },
  {
    "id": 5433,
    "link": "/rankings/mens/player-rankings/5433",
    "rank": 82,
    "name": "anrich nortje",
    "rating": "426",
    "country": "SA"
  },
  {
    "id": 17104,
    "link": "/rankings/mens/player-rankings/17104",
    "rank": 83,
    "name": "tangeni lungameni",
    "rating": "421",
    "country": "NAM"
  },
  {
    "id": 2939,
    "link": "/rankings/mens/player-rankings/2939",
    "rank": 84,
    "name": "sam curran",
    "rating": "419",
    "country": "ENG"
  },
  {
    "id": 2777,
    "link": "/rankings/mens/player-rankings/2777",
    "rank": 85,
    "name": "karan kc",
    "rating": "418",
    "country": "NEP"
  },
  {
    "id": -1,
    "link": "/rankings/mens/player-rankings/",
    "rank": 86,
    "name": "brandon mcmullen",
    "rating": "417",
    "country": "SCO"
  },
  {
    "id": 100031,
    "link": "/rankings/mens/player-rankings/100031",
    "rank": 87,
    "name": "dunith wellalage",
    "rating": "417",
    "country": "SL"
  },
  {
    "id": 3325,
    "link": "/rankings/mens/player-rankings/3325",
    "rank": 88,
    "name": "hasan ali",
    "rating": "417",
    "country": "PAK"
  },
  {
    "id": 282,
    "link": "/rankings/mens/player-rankings/282",
    "rank": 89,
    "name": "glenn maxwell",
    "rating": "417",
    "country": "AUS"
  },
  {
    "id": 4324,
    "link": "/rankings/mens/player-rankings/4324",
    "rank": 90,
    "name": "simi singh",
    "rating": "416",
    "country": "IRE"
  },
  {
    "id": 1295,
    "link": "/rankings/mens/player-rankings/1295",
    "rank": 91,
    "name": "dhananjaya de silva",
    "rating": "414",
    "country": "SL"
  },
  {
    "id": -1,
    "link": "/rankings/mens/player-rankings/",
    "rank": 92,
    "name": "gudakesh motie-kanhai",
    "rating": "411",
    "country": "WI"
  },
  {
    "id": 17107,
    "link": "/rankings/mens/player-rankings/17107",
    "rank": 93,
    "name": "nisarg patel",
    "rating": "409",
    "country": "USA"
  },
  {
    "id": 1781,
    "link": "/rankings/mens/player-rankings/1781",
    "rank": 94,
    "name": "sompal kami",
    "rating": "409",
    "country": "NEP"
  },
  {
    "id": 19406,
    "link": "/rankings/mens/player-rankings/19406",
    "rank": 95,
    "name": "mohammad wasim",
    "rating": "404",
    "country": "PAK"
  },
  {
    "id": 935,
    "link": "/rankings/mens/player-rankings/935",
    "rank": 96,
    "name": "ashton agar",
    "rating": "402",
    "country": "AUS"
  },
  {
    "id": 19469,
    "link": "/rankings/mens/player-rankings/19469",
    "rank": 97,
    "name": "dilshan madushanka",
    "rating": "399",
    "country": "SL"
  },
  {
    "id": -1,
    "link": "/rankings/mens/player-rankings/",
    "rank": 98,
    "name": "lalit rajbanshi",
    "rating": "399",
    "country": "NEP"
  },
  {
    "id": 613,
    "link": "/rankings/mens/player-rankings/613",
    "rank": 99,
    "name": "gulbadin naib",
    "rating": "399",
    "country": "AFG"
  },
  {
    "id": 3154,
    "link": "/rankings/mens/player-rankings/3154",
    "rank": 100,
    "name": "kasun rajitha",
    "rating": "387",
    "country": "SL"
  }
]
