[
  {
    "id": 2759,
    "link": "/rankings/mens/player-rankings/2759",
    "rank": 1,
    "name": "babar azam",
    "rating": "836",
    "country": "PAK"
  },
  {
    "id": 3761,
    "link": "/rankings/mens/player-rankings/3761",
    "rank": 2,
    "name": "shubman gill",
    "rating": "818",
    "country": "IND"
  },
  {
    "id": 834,
    "link": "/rankings/mens/player-rankings/834",
    "rank": 3,
    "name": "quinton de kock",
    "rating": "742",
    "country": "SA"
  },
  {
    "id": 1277,
    "link": "/rankings/mens/player-rankings/1277",
    "rank": 4,
    "name": "rassie van der dussen",
    "rating": "732",
    "country": "SA"
  },
  {
    "id": 2987,
    "link": "/rankings/mens/player-rankings/2987",
    "rank": 5,
    "name": "harry tector",
    "rating": "729",
    "country": "IRE"
  },
  {
    "id": 107,
    "link": "/rankings/mens/player-rankings/107",
    "rank": 6,
    "name": "rohit sharma",
    "rating": "719",
    "country": "IND"
  },
  {
    "id": 170,
    "link": "/rankings/mens/player-rankings/170",
    "rank": 7,
    "name": "david warner",
    "rating": "712",
    "country": "AUS"
  },
  {
    "id": 3318,
    "link": "/rankings/mens/player-rankings/3318",
    "rank": 8,
    "name": "dawid malan",
    "rating": "711",
    "country": "ENG"
  },
  {
    "id": 164,
    "link": "/rankings/mens/player-rankings/164",
    "rank": 9,
    "name": "virat kohli",
    "rating": "711",
    "country": "IND"
  },
  {
    "id": 1568,
    "link": "/rankings/mens/player-rankings/1568",
    "rank": 10,
    "name": "imam-ul-haq",
    "rating": "705",
    "country": "PAK"
  },
  {
    "id": 3869,
    "link": "/rankings/mens/player-rankings/3869",
    "rank": 11,
    "name": "heinrich klaasen",
    "rating": "694",
    "country": "SA"
  },
  {
    "id": 2751,
    "link": "/rankings/mens/player-rankings/2751",
    "rank": 12,
    "name": "shai hope",
    "rating": "677",
    "country": "WI"
  },
  {
    "id": 3801,
    "link": "/rankings/mens/player-rankings/3801",
    "rank": 13,
    "name": "fakhar zaman",
    "rating": "667",
    "country": "PAK"
  },
  {
    "id": 187,
    "link": "/rankings/mens/player-rankings/187",
    "rank": 14,
    "name": "david miller",
    "rating": "656",
    "country": "SA"
  },
  {
    "id": 271,
    "link": "/rankings/mens/player-rankings/271",
    "rank": 15,
    "name": "steve smith",
    "rating": "656",
    "country": "AUS"
  },
  {
    "id": 833,
    "link": "/rankings/mens/player-rankings/833",
    "rank": 16,
    "name": "temba bavuma",
    "rating": "648",
    "country": "SA"
  },
  {
    "id": 509,
    "link": "/rankings/mens/player-rankings/509",
    "rank": 17,
    "name": "jos buttler",
    "rating": "643",
    "country": "ENG"
  },
  {
    "id": 17115,
    "link": "/rankings/mens/player-rankings/17115",
    "rank": 18,
    "name": "rahmanullah gurbaz",
    "rating": "636",
    "country": "AFG"
  },
  {
    "id": 1125,
    "link": "/rankings/mens/player-rankings/1125",
    "rank": 19,
    "name": "lokesh rahul",
    "rating": "635",
    "country": "IND"
  },
  {
    "id": 491,
    "link": "/rankings/mens/player-rankings/491",
    "rank": 20,
    "name": "mushfiqur rahim",
    "rating": "635",
    "country": "BAN"
  },
  {
    "id": 4822,
    "link": "/rankings/mens/player-rankings/4822",
    "rank": 21,
    "name": "ibrahim zadran",
    "rating": "628",
    "country": "AFG"
  },
  {
    "id": 1667,
    "link": "/rankings/mens/player-rankings/1667",
    "rank": 22,
    "name": "aiden markram",
    "rating": "628",
    "country": "SA"
  },
  {
    "id": -1,
    "link": "/rankings/mens/player-rankings/",
    "rank": 23,
    "name": "kariyawasa asalanka",
    "rating": "625",
    "country": "SL"
  },
  {
    "id": 1906,
    "link": "/rankings/mens/player-rankings/1906",
    "rank": 24,
    "name": "jason roy",
    "rating": "623",
    "country": "ENG"
  },
  {
    "id": 526,
    "link": "/rankings/mens/player-rankings/526",
    "rank": 25,
    "name": "paul stirling",
    "rating": "623",
    "country": "IRE"
  },
  {
    "id": 4029,
    "link": "/rankings/mens/player-rankings/4029",
    "rank": 26,
    "name": "marnus labuschagne",
    "rating": "622",
    "country": "AUS"
  },
  {
    "id": 4948,
    "link": "/rankings/mens/player-rankings/4948",
    "rank": 27,
    "name": "scott edwards",
    "rating": "618",
    "country": "NED"
  },
  {
    "id": 1129,
    "link": "/rankings/mens/player-rankings/1129",
    "rank": 28,
    "name": "sikandar raza",
    "rating": "615",
    "country": "ZIM"
  },
  {
    "id": 1223,
    "link": "/rankings/mens/player-rankings/1223",
    "rank": 29,
    "name": "gerhard erasmus",
    "rating": "614",
    "country": "NAM"
  },
  {
    "id": 3642,
    "link": "/rankings/mens/player-rankings/3642",
    "rank": 30,
    "name": "daryl mitchell",
    "rating": "614",
    "country": "NZ"
  },
  {
    "id": 1563,
    "link": "/rankings/mens/player-rankings/1563",
    "rank": 31,
    "name": "shreyas iyer",
    "rating": "613",
    "country": "IND"
  },
  {
    "id": 506,
    "link": "/rankings/mens/player-rankings/506",
    "rank": 32,
    "name": "jonny bairstow",
    "rating": "613",
    "country": "ENG"
  },
  {
    "id": 17077,
    "link": "/rankings/mens/player-rankings/17077",
    "rank": 33,
    "name": "pathum nissanka",
    "rating": "610",
    "country": "SL"
  },
  {
    "id": 440,
    "link": "/rankings/mens/player-rankings/440",
    "rank": 34,
    "name": "kane williamson",
    "rating": "608",
    "country": "NZ"
  },
  {
    "id": 887,
    "link": "/rankings/mens/player-rankings/887",
    "rank": 35,
    "name": "joe root",
    "rating": "608",
    "country": "ENG"
  },
  {
    "id": 4650,
    "link": "/rankings/mens/player-rankings/4650",
    "rank": 36,
    "name": "devon conway",
    "rating": "602",
    "country": "NZ"
  },
  {
    "id": 1703,
    "link": "/rankings/mens/player-rankings/1703",
    "rank": 37,
    "name": "nicholas pooran",
    "rating": "601",
    "country": "WI"
  },
  {
    "id": -1,
    "link": "/rankings/mens/player-rankings/",
    "rank": 38,
    "name": "ishan kishan",
    "rating": "594",
    "country": "IND"
  },
  {
    "id": 1140,
    "link": "/rankings/mens/player-rankings/1140",
    "rank": 39,
    "name": "tom latham",
    "rating": "594",
    "country": "NZ"
  },
  {
    "id": 1020,
    "link": "/rankings/mens/player-rankings/1020",
    "rank": 40,
    "name": "travis head",
    "rating": "593",
    "country": "AUS"
  },
  {
    "id": 1201,
    "link": "/rankings/mens/player-rankings/1201",
    "rank": 41,
    "name": "mohammad rizwan",
    "rating": "592",
    "country": "PAK"
  },
  {
    "id": 201,
    "link": "/rankings/mens/player-rankings/201",
    "rank": 42,
    "name": "shakib al hasan",
    "rating": "581",
    "country": "BAN"
  },
  {
    "id": 1670,
    "link": "/rankings/mens/player-rankings/1670",
    "rank": 43,
    "name": "kusal mendis",
    "rating": "579",
    "country": "SL"
  },
  {
    "id": 3882,
    "link": "/rankings/mens/player-rankings/3882",
    "rank": 44,
    "name": "alex carey",
    "rating": "566",
    "country": "AUS"
  },
  {
    "id": 1102,
    "link": "/rankings/mens/player-rankings/1102",
    "rank": 45,
    "name": "sean williams",
    "rating": "566",
    "country": "ZIM"
  },
  {
    "id": 1154,
    "link": "/rankings/mens/player-rankings/1154",
    "rank": 46,
    "name": "ben stokes",
    "rating": "559",
    "country": "ENG"
  },
  {
    "id": 1250,
    "link": "/rankings/mens/player-rankings/1250",
    "rank": 47,
    "name": "rahmat shah",
    "rating": "557",
    "country": "AFG"
  },
  {
    "id": 282,
    "link": "/rankings/mens/player-rankings/282",
    "rank": 48,
    "name": "glenn maxwell",
    "rating": "555",
    "country": "AUS"
  },
  {
    "id": 287,
    "link": "/rankings/mens/player-rankings/287",
    "rank": 49,
    "name": "tamim iqbal",
    "rating": "555",
    "country": "BAN"
  },
  {
    "id": 1596,
    "link": "/rankings/mens/player-rankings/1596",
    "rank": 50,
    "name": "litton das",
    "rating": "539",
    "country": "BAN"
  },
  {
    "id": 1403,
    "link": "/rankings/mens/player-rankings/1403",
    "rank": 51,
    "name": "assad vala",
    "rating": "536",
    "country": "PNG"
  },
  {
    "id": 2784,
    "link": "/rankings/mens/player-rankings/2784",
    "rank": 52,
    "name": "george munsey",
    "rating": "529",
    "country": "SCO"
  },
  {
    "id": 221,
    "link": "/rankings/mens/player-rankings/221",
    "rank": 53,
    "name": "mitchell marsh",
    "rating": "528",
    "country": "AUS"
  },
  {
    "id": 2884,
    "link": "/rankings/mens/player-rankings/2884",
    "rank": 54,
    "name": "hashmatullah shaidi",
    "rating": "525",
    "country": "AFG"
  },
  {
    "id": 1190,
    "link": "/rankings/mens/player-rankings/1190",
    "rank": 55,
    "name": "andrew balbirnie",
    "rating": "521",
    "country": "IRE"
  },
  {
    "id": -1,
    "link": "/rankings/mens/player-rankings/",
    "rank": 56,
    "name": "vriitya aravind",
    "rating": "518",
    "country": "UAE"
  },
  {
    "id": 21096,
    "link": "/rankings/mens/player-rankings/21096",
    "rank": 57,
    "name": "gajanand singh",
    "rating": "512",
    "country": "USA"
  },
  {
    "id": 492,
    "link": "/rankings/mens/player-rankings/492",
    "rank": 58,
    "name": "mahmudullah",
    "rating": "512",
    "country": "BAN"
  },
  {
    "id": 17108,
    "link": "/rankings/mens/player-rankings/17108",
    "rank": 59,
    "name": "aaron jones",
    "rating": "510",
    "country": "USA"
  },
  {
    "id": 2781,
    "link": "/rankings/mens/player-rankings/2781",
    "rank": 60,
    "name": "max o'dowd",
    "rating": "507",
    "country": "NED"
  },
  {
    "id": 1141,
    "link": "/rankings/mens/player-rankings/1141",
    "rank": 61,
    "name": "kyle coetzer",
    "rating": "506",
    "country": "SCO"
  },
  {
    "id": 4596,
    "link": "/rankings/mens/player-rankings/4596",
    "rank": 62,
    "name": "will young",
    "rating": "504",
    "country": "NZ"
  },
  {
    "id": 431,
    "link": "/rankings/mens/player-rankings/431",
    "rank": 63,
    "name": "martin guptill",
    "rating": "503",
    "country": "NZ"
  },
  {
    "id": 3893,
    "link": "/rankings/mens/player-rankings/3893",
    "rank": 64,
    "name": "aqib ilyas",
    "rating": "501",
    "country": "OMA"
  },
  {
    "id": 100012,
    "link": "/rankings/mens/player-rankings/100012",
    "rank": 65,
    "name": "muhammad waseem",
    "rating": "500",
    "country": "UAE"
  },
  {
    "id": 41,
    "link": "/rankings/mens/player-rankings/41",
    "rank": 66,
    "name": "shikhar dhawan",
    "rating": "499",
    "country": "IND"
  },
  {
    "id": 1143,
    "link": "/rankings/mens/player-rankings/1143",
    "rank": 67,
    "name": "richard berrington",
    "rating": "496",
    "country": "SCO"
  },
  {
    "id": 17110,
    "link": "/rankings/mens/player-rankings/17110",
    "rank": 68,
    "name": "monank patel",
    "rating": "493",
    "country": "USA"
  },
  {
    "id": 1586,
    "link": "/rankings/mens/player-rankings/1586",
    "rank": 69,
    "name": "nazmul shanto",
    "rating": "492",
    "country": "BAN"
  },
  {
    "id": 620,
    "link": "/rankings/mens/player-rankings/620",
    "rank": 70,
    "name": "najibullah zadran",
    "rating": "488",
    "country": "AFG"
  },
  {
    "id": 2837,
    "link": "/rankings/mens/player-rankings/2837",
    "rank": 71,
    "name": "zeeshan maqsood",
    "rating": "487",
    "country": "OMA"
  },
  {
    "id": 2890,
    "link": "/rankings/mens/player-rankings/2890",
    "rank": 72,
    "name": "henry nicholls",
    "rating": "485",
    "country": "NZ"
  },
  {
    "id": 2740,
    "link": "/rankings/mens/player-rankings/2740",
    "rank": 73,
    "name": "hardik pandya",
    "rating": "484",
    "country": "IND"
  },
  {
    "id": 1418,
    "link": "/rankings/mens/player-rankings/1418",
    "rank": 74,
    "name": "michael leask",
    "rating": "484",
    "country": "SCO"
  },
  {
    "id": -1,
    "link": "/rankings/mens/player-rankings/",
    "rank": 75,
    "name": "aasif sheikh",
    "rating": "479",
    "country": "NEP"
  },
  {
    "id": 18847,
    "link": "/rankings/mens/player-rankings/18847",
    "rank": 76,
    "name": "asif khan",
    "rating": "476",
    "country": "UAE"
  },
  {
    "id": 8539,
    "link": "/rankings/mens/player-rankings/8539",
    "rank": 77,
    "name": "ayaan khan",
    "rating": "476",
    "country": "OMA"
  },
  {
    "id": 618,
    "link": "/rankings/mens/player-rankings/618",
    "rank": 78,
    "name": "mohammad nabi",
    "rating": "475",
    "country": "AFG"
  },
  {
    "id": 1671,
    "link": "/rankings/mens/player-rankings/1671",
    "rank": 79,
    "name": "sadeera samarawickrama",
    "rating": "474",
    "country": "SL"
  },
  {
    "id": 21114,
    "link": "/rankings/mens/player-rankings/21114",
    "rank": 80,
    "name": "kashyap prajapati",
    "rating": "464",
    "country": "OMA"
  },
  {
    "id": 533,
    "link": "/rankings/mens/player-rankings/533",
    "rank": 81,
    "name": "craig ervine",
    "rating": "464",
    "country": "ZIM"
  },
  {
    "id": 1443,
    "link": "/rankings/mens/player-rankings/1443",
    "rank": 82,
    "name": "steven taylor",
    "rating": "462",
    "country": "USA"
  },
  {
    "id": -1,
    "link": "/rankings/mens/player-rankings/",
    "rank": 83,
    "name": "r.k. paudel",
    "rating": "461",
    "country": "NEP"
  },
  {
    "id": 855,
    "link": "/rankings/mens/player-rankings/855",
    "rank": 84,
    "name": "haris sohail",
    "rating": "461",
    "country": "PAK"
  },
  {
    "id": 517,
    "link": "/rankings/mens/player-rankings/517",
    "rank": 85,
    "name": "george dockrell",
    "rating": "460",
    "country": "IRE"
  },
  {
    "id": 1708,
    "link": "/rankings/mens/player-rankings/1708",
    "rank": 86,
    "name": "brandon king",
    "rating": "458",
    "country": "WI"
  },
  {
    "id": 3002,
    "link": "/rankings/mens/player-rankings/3002",
    "rank": 87,
    "name": "michael van lingen",
    "rating": "457",
    "country": "NAM"
  },
  {
    "id": -1,
    "link": "/rankings/mens/player-rankings/",
    "rank": 88,
    "name": "vikramjit singh",
    "rating": "454",
    "country": "NED"
  },
  {
    "id": 2827,
    "link": "/rankings/mens/player-rankings/2827",
    "rank": 89,
    "name": "jatinder singh",
    "rating": "453",
    "country": "OMA"
  },
  {
    "id": 5565,
    "link": "/rankings/mens/player-rankings/5565",
    "rank": 90,
    "name": "janneman malan",
    "rating": "452",
    "country": "SA"
  },
  {
    "id": 5022,
    "link": "/rankings/mens/player-rankings/5022",
    "rank": 91,
    "name": "bas de leede",
    "rating": "450",
    "country": "NED"
  },
  {
    "id": -1,
    "link": "/rankings/mens/player-rankings/",
    "rank": 92,
    "name": "brandon mcmullen",
    "rating": "445",
    "country": "SCO"
  },
  {
    "id": 954,
    "link": "/rankings/mens/player-rankings/954",
    "rank": 93,
    "name": "dimuth karunaratne",
    "rating": "441",
    "country": "SL"
  },
  {
    "id": 5124,
    "link": "/rankings/mens/player-rankings/5124",
    "rank": 94,
    "name": "curtis campher",
    "rating": "440",
    "country": "IRE"
  },
  {
    "id": 1723,
    "link": "/rankings/mens/player-rankings/1723",
    "rank": 95,
    "name": "ryan burl",
    "rating": "437",
    "country": "ZIM"
  },
  {
    "id": 1295,
    "link": "/rankings/mens/player-rankings/1295",
    "rank": 96,
    "name": "dhananjaya de silva",
    "rating": "434",
    "country": "SL"
  },
  {
    "id": 3123,
    "link": "/rankings/mens/player-rankings/3123",
    "rank": 97,
    "name": "kushal bhurtel",
    "rating": "432",
    "country": "NEP"
  },
  {
    "id": 964,
    "link": "/rankings/mens/player-rankings/964",
    "rank": 98,
    "name": "marcus stoinis",
    "rating": "432",
    "country": "AUS"
  },
  {
    "id": -1,
    "link": "/rankings/mens/player-rankings/",
    "rank": 99,
    "name": "towhid hridoy",
    "rating": "431",
    "country": "BAN"
  },
  {
    "id": 1404,
    "link": "/rankings/mens/player-rankings/1404",
    "rank": 100,
    "name": "tony ura",
    "rating": "431",
    "country": "PNG"
  }
]
