name,country,howstatid,iccid,role,rank,icc_role,rating,format
Arshdeep Singh,IND,4933,4698,bowler,-1,-1,-1
Ravichandran Ashwin,IND,3788,8,allrounder,-1,-1,-1
Jasprit Bumrah,IND,4062,1124,bowler,-1,-1,-1
Yuzvendra Chahal,IND,4063,111,bowler,-1,-1,-1
Deepak Chahar,IND,4557,140,bowler,-1,-1,-1
Shikhar Dhawan,IND,3832,41,batsman,-1,-1,-1
Ruturaj Gaikwad,IND,4931,5443,batsman,-1,-1,-1
Deepak Hooda,IND,4404,,batsman,-1,-1,-1
Ishan Kishan,IND,4544,-1,batsman,-1,-1,-1
Shreyas Iyer,IND,4387,1563,batsman,-1,-1,-1
Ravindra Jadeja,IND,3644,9,allrounder,-1,-1,-1
Virat Kohli,IND,3600,164,batsman,-1,-1,-1
Kuldeep Yadav,IND,4652,261,bowler,-1,-1,-1
Mohammed Shami,IND,3993,-1,bowler,-1,-1,-1
Mohammed Siraj,IND,4675,3840,batsman,-1,-1,-1
Mukesh Kumar,IND,7228,-1,bowler,-1,-1,-1
Hardik Pandya,IND,4399,2740,allrounder,-1,-1,-1
Rishabh Pant,IND,4542,,batsman,-1,-1,-1
Axar Patel,IND,4310,,allrounder,-1,-1,-1
Prasidh Krishna,IND,4930,-1,bowler,-1,-1,-1
KL Rahul,IND,4137,,batsman,-1,-1,-1
Sanju Samson,IND,4099,,batsman,-1,-1,-1
Kuldeep Sen,IND,6544,,Bowler,-1,-1,-1
Shahbaz Ahmed,IND,5861,-1,allrounder,-1,-1,-1
Rohit Sharma,IND,3474,107,bowler,-1,-1,-1
Shubman Gill,IND,4769,3761,batsman,-1,-1,-1
Shardul Thakur,IND,4393,1745,bowler,-1,-1,-1
Tilak Varma,IND,6522,-1,batsman,-1,-1,-1
Umran Malik,IND,6204,-1,bowler,-1,-1,-1
Jaydev Unadkat,IND,3838,-1,bowler,-1,-1,-1
Washington Sundar,IND,4684,-1,bowler,-1,-1,-1
Suryakumar Yadav,IND,4073,108,allrounder,-1,-1,-1
Srikar Bharat,IND,4384,-1,batsman,-1,-1,-1
Yashasvi Jaiswal,IND,5857,-1,batsman,-1,-1,-1
Cheteshwar Pujara,IND,3826,,batsman,-1,-1,-1
Ajinkya Rahane,IND,3889,-1,batsman,-1,-1,-1
Umesh Yadav,IND,3786,,bowler,-1,-1,-1
Avesh Khan,IND,4673,-1,bowler,-1,-1,-1
Shivam Dube,IND,4945,-1,batsman,-1,-1,-1
Bhuvneshwar Kumar,IND,3991,116,bowler,-1,-1,-1
Harshal Patel,IND,4125,-1,bowler,-1,-1,-1
Ravi Bishnoi,IND,5851,19351,bowler,-1,-1,-1
Sai Kishore,IND,5846,-1,bowler,-1,-1,-1
Jitesh Sharma,IND,4554,,batsman,-1,-1,-1
Shivam Mavi,IND,4768,,bowler,-1,-1,-1
Rinku Singh,IND,4665,-1,batsman,-1,-1,-1
Rahul Tripathi,IND,4679,,batsman,-1,-1,-1
Abdul Malik,AFG,5946,-1,batsman,-1,-1,-1
Abdul Rahman,AFG,7367,-1,bowler,-1,-1,-1
Afsar Zazai,AFG,4245,-1,batsman,-1,-1,-1
Amir Hamza,AFG,3935,,allrounder,-1,-1,-1
Azmatullah Omarzai,AFG,5936,5134,allrounder,-1,-1,-1
Bahir Shah,AFG,7322,-1,batsman,-1,-1,-1
Fareed Ahmad,AFG,4363,-1,bowler,-1,-1,-1
Fazalhaq Farooqi,AFG,5955,19231,bowler,-1,-1,-1
Gulbadin Naib,AFG,3877,613,allrounder,-1,-1,-1
Hashmatullah Shahidi,AFG,4239,-1,batsman,-1,-1,-1
Hazratullah Zazai,AFG,4615,5134,batsman,-1,-1,-1
Ibrahim Zadran,AFG,5471,-1,batsman,-1,-1,-1
Ikram Alikhil,AFG,4928,-1,batsman,-1,-1,-1
Karim Janat,AFG,4611,2901,bowler,-1,-1,-1
Mohammad Nabi,AFG,3665,618,allrounder,-1,-1,-1
Mohammad Saleem,AFG,7353,-1,bowler,-1,-1,-1
Mohammad Shahzad,AFG,3728,-1,batsman,-1,-1,-1
Mujeeb Ur Rahman,AFG,4714,4572,bowler,-1,-1,-1
Najibullah Zadran,AFG,3960,620,batsman,-1,-1,-1
Nasir Jamal,AFG,4315,-1,batsman,-1,-1,-1
Naveen-ul-Haq,AFG,4590,,Bowler,-1,-1,-1
Nijat Masood,AFG,6641,2905,Bowler,-1,-1,-1
Noor Ahmad,AFG,6536,-1,Bowler,-1,-1,-1
Noor Ali Zadran,AFG,3663,-1,batsman,-1,-1,-1
Qais Ahmad,AFG,5472,-1,Bowler,-1,-1,-1
Rahmanullah Gurbaz,AFG,5474,17115,batsman,-1,-1,-1
Rahmat Shah,AFG,4009,-1,allrounder,-1,-1,-1
Rashid Khan,AFG,4484,-1,allrounder,-1,-1,-1
Riaz Hassan,AFG,6469,-1,batsman,-1,-1,-1
Sediqullah Atal,AFG,7195,-1,batsman,-1,-1,-1
Shahidullah,AFG,3730,-1,allrounder,-1,-1,-1
Sharafuddin Ashraf,AFG,4313,-1,allrounder,-1,-1,-1
Usman Ghani,AFG,4300,-1,batsman,-1,-1,-1
Wafadar Momand,AFG,4795,-1,Bowler,-1,-1,-1
Yamin Ahmadzai,AFG,4507,2894,bowler,-1,-1,-1
Zahir Khan,AFG,4782,2909,bowler,-1,-1,-1
Zia-ur-Rehman,AFG,7368,-1,allrounder,-1,-1,-1
Zubaid Akbari,AFG,7564,-1,allrounder,-1,-1,-1
Ashton Agar,AUS,4224,935,bowler,-1,-1,-1
Scott Boland,AUS,4511,1475,bowler,-1,-1,-1
Alex Carey,AUS,4726,3882,batsman,-1,-1,-1
Pat Cummins,AUS,3909,488,bowler,-1,-1,-1
Cameron Green,AUS,4330,4093,allrounder,-1,-1,-1
Peter Handscomb,AUS,4558,,batsman,-1,-1,-1
Josh Hazlewood,AUS,3799,857,bowler,-1,-1,-1
Travis Head,AUS,4386,1020,allrounder,-1,-1,-1
Usman Khawaja,AUS,3842,-1,batsman,-1,-1,-1
Matthew Kuhnemann,AUS,6656,4023,bowler,-1,-1,-1
Marnus Labuschagne,AUS,4816,4029,batsman,-1,-1,-1
Nathan Lyon,AUS,3885,797,bowler,-1,-1,-1
Mitchell Marsh,AUS,3912,,allrounder,-1,-1,-1
Todd Murphy,AUS,7126,-1,bowler,-1,-1,-1
Michael Neser,AUS,4201,909,allrounder,-1,-1,-1
Matt Renshaw,AUS,4607,-1,batsman,-1,-1,-1
Steven Smith,AUS,1642,271,batsman,-1,-1,-1
Mitchell Starc,AUS,3830,,allrounder,-1,-1,-1
David Warner,AUS,1463,170,bowler,-1,-1,-1
Sean Abbott,AUS,4331,942,bowler,-1,-1,-1
,AUS,5332,4524,batsman,-1,-1,-1
Nathan Ellis,AUS,6082,,bowler,-1,-1,-1
Aaron Hardie,AUS,7448,,allrounder,-1,-1,-1
Josh Inglis,AUS,6471,4088,batsman,-1,-1,-1
Spencer Johnson,AUS,7449,,bowler,-1,-1,-1
Glenn Maxwell,AUS,3969,282,allrounder,-1,-1,-1
Tanveer Sangha,AUS,7450,-1,bowler,-1,-1,-1
Matthew Short,AUS,4729,-1,batsman,-1,-1,-1
Marcus Stoinis,AUS,4389,964,allrounder,-1,-1,-1
Adam Zampa,AUS,4527,958,bowler,-1,-1,-1
Jason Behrendorff,AUS,4705,,bowler,-1,-1,-1
Ashton Turner,AUS,4648,,allrounder,-1,-1,-1
Ebadot Hossain,BAN,4925,3711,bowler,-1,-1,-1
Khaled Ahmed,BAN,4833,5281,bowler,-1,-1,-1
Litton Das,BAN,4430,1596,batsman,-1,-1,-1
Mahmudul Hasan Joy,BAN,3623,492,batsman,-1,-1,-1
Mehidy Hasan Miraz,BAN,4598,-1,allrounder,-1,-1,-1
Mominul Haque,BAN,3980,-1,bowler,-1,-1,-1
Mushfiqur Rahim,BAN,3279,-1,batsman,-1,-1,-1
Najmul Hossain Shanto,BAN,4633,-1,batsman,-1,-1,-1
Nurul Hasan,BAN,4514,-1,batsman,-1,-1,-1
Shakib Al Hasan,BAN,3426,201,allrounder,-1,-1,-1
Shoriful Islam,BAN,5958,-1,bowler,-1,-1,-1
Taijul Islam,BAN,4324,1904,bowler,-1,-1,-1
Tamim Iqbal,BAN,3461,287,batsman,-1,-1,-1
Taskin Ahmed,BAN,4299,1839,batsman,-1,-1,-1
Yasir Ali,BAN,6456,-1,batsman,-1,-1,-1
Zakir Hasan,BAN,2953,-1,batsman,-1,-1,-1
Afif Hossain,BAN,4734,-1,allrounder,-1,-1,-1
Anamul Haque,BAN,3979,-1,batsman,-1,-1,-1
Hasan Mahmud,BAN,5842,-1,bowler,-1,-1,-1
Mahedi Hasan,BAN,4737,-1,bowler,-1,-1,-1
Mahmudullah,BAN,3488,492,allrounder,-1,-1,-1
Mohammad Naim,BAN,3488,-1,allrounder,-1,-1,-1
Mrittunjoy Chowdhury,BAN,7273,-1,bowler,-1,-1,-1
Mustafizur Rahman,BAN,4414,1594,bowler,-1,-1,-1
Nasum Ahmed,BAN,5957,-1,bowler,-1,-1,-1
Rony Talukdar,BAN,4448,-1,batsman,-1,-1,-1
Shamim Hossain,BAN,6048,-1,allrounder,-1,-1,-1
Soumya Sarkar,BAN,4362,-1,batsman,-1,-1,-1
Tanzid Hasan,BAN,7451,-1,batsman,-1,-1,-1
Tanzim Hasan Sakib,BAN,7454,-1,bowler,-1,-1,-1
Towhid Hridoy,BAN,7162,-1,batsman,-1,-1,-1
Hasan Murad,BAN,7562,-1,bowler,-1,-1,-1
Jaker Ali,BAN,7544,-1,batsman,-1,-1,-1
Ripon Mondol,BAN,7545,,bowler,-1,-1,-1
Mosaddek Hossain,BAN,4516,-1,bowler,-1,-1,-1
Parvez Hossain Emon,BAN,6840,-1,batsman,-1,-1,-1
Rakibul Hasan,BAN,7546,201,bowler,-1,-1,-1
Rishad Hossain,BAN,7198,-1,bowler,-1,-1,-1
Saif Hassan,BAN,5773,-1,batsman,-1,-1,-1
Shahadat Hossain,BAN,7547,-1,bowler,-1,-1,-1
Sumon Khan,BAN,7548,-1,bowler,-1,-1,-1
Tanvir Islam,BAN,7182,-1,bowler,-1,-1,-1
Moeen Ali,ENG,4271,1735,allrounder,-1,-1,-1
James Anderson,ENG,3065,,bowler,-1,-1,-1
Jonny Bairstow,ENG,3900,506,batsman,-1,-1,-1
Stuart Broad,ENG,3434,192,bowler,-1,-1,-1
Harry Brook,ENG,6470,,batsman,-1,-1,-1
Zak Crawley,ENG,5736,-1,batsman,-1,-1,-1
Ben Duckett,ENG,4596,1542,batsman,-1,-1,-1
Ben Foakes,ENG,4832,,batsman,-1,-1,-1
Will Jacks,ENG,6922,-1,allrounder,-1,-1,-1
Jack Leach,ENG,4744,3363,bowler,-1,-1,-1
Liam Livingstone,ENG,4692,3644,bowler,-1,-1,-1
Ollie Pope,ENG,4814,,batsman,-1,-1,-1
Matthew Potts,ENG,6622,-1,bowler,-1,-1,-1
Rehan Ahmed,ENG,7109,-1,allrounder,-1,-1,-1
Ollie Robinson,ENG,6010,4434,bowler,-1,-1,-1
Joe Root,ENG,3981,887,allrounder,-1,-1,-1
Ben Stokes,ENG,3883,1154,allrounder,-1,-1,-1
Josh Tongue,ENG,7298,-1,bowler,-1,-1,-1
Chris Woakes,ENG,3846,967,bowler,-1,-1,-1
Mark Wood,ENG,4421,2749,bowler,-1,-1,-1
Jofra Archer,ENG,4777,3502,bowler,-1,-1,-1
Gus Atkinson,ENG,7452,,bowler,-1,-1,-1
Sam Billings,ENG,4428,-1,batsman,-1,-1,-1
Jos Buttler,ENG,3888,509,batsman,-1,-1,-1
Brydon Carse,ENG,6036,,allrounder,-1,-1,-1
Sam Curran,ENG,4787,2939,bowler,-1,-1,-1
Liam Dawson,ENG,4566,-1,allrounder,-1,-1,-1
Sam Hain,ENG,7484,,batsman,-1,-1,-1
Tom Hartley,ENG,7485,-1,bowler,-1,-1,-1
Chris Jordan,ENG,4238,,bowler,-1,-1,-1
Saqib Mahmood,ENG,5658,-1,bowler,-1,-1,-1
Dawid Malan,ENG,4694,3318,batsman,-1,-1,-1
Adil Rashid,ENG,3696,796,bowler,-1,-1,-1
Jason Roy,ENG,4325,1906,batsman,-1,-1,-1
Phil Salt,ENG,6038,,batsman,-1,-1,-1
George Scrimshaw,ENG,7482,,bowler,-1,-1,-1
Jamie Smith,ENG,7483,,batsman,-1,-1,-1
Olly Stone,ENG,4819,,Bowler,-1,-1,-1
Reece Topley,ENG,4479,2839,bowler,-1,-1,-1
James Vince,ENG,4419,-1,batsman,-1,-1,-1
David Willey,ENG,4420,2758,allrounder,-1,-1,-1
Luke Wood,ENG,6921,-1,bowler,-1,-1,-1
Alex Hales,ENG,3887,511,batsman,-1,-1,-1
Mark Adair,IRE,5089,,allrounder,-1,-1,-1
Andy Balbirnie,IRE,3809,,batsman,-1,-1,-1
Curtis Campher,IRE,5844,,allrounder,-1,-1,-1
Murray Commins,IRE,7122,,batsman,-1,-1,-1
George Dockrell,IRE,3752,,allrounder,-1,-1,-1
Fionn Hand,IRE,6850,,allrounder,-1,-1,-1
Graham Hume,IRE,6783,,bowler,-1,-1,-1
Matthew Humphreys,IRE,7189,,Bowler,-1,-1,-1
Andy McBrine,IRE,4294,,allrounder,-1,-1,-1
James McCollum,IRE,4926,,batsman,-1,-1,-1
Peter Moor,IRE,4359,,batsman,-1,-1,-1
Paul Stirling,IRE,3586,,allrounder,-1,-1,-1
Harry Tector,IRE,5476,,batsman,-1,-1,-1
Lorcan Tucker,IRE,4586,,batsman,-1,-1,-1
Ben White,IRE,6049,,Bowler,-1,-1,-1
Gareth Delany,IRE,5298,,allrounder,-1,-1,-1
Stephen Doheny,IRE,7120,,batsman,-1,-1,-1
Josh Little,IRE,4584,,Bowler,-1,-1,-1
Barry McCarthy,IRE,4563,,Bowler,-1,-1,-1
Theo van Woerkom,IRE,7487,,allrounder,-1,-1,-1
Craig Young,IRE,4328,,Bowler,-1,-1,-1
Ross Adair,IRE,7119,,batsman,-1,-1,-1
Tyrone Kane,IRE,4433,,Allrounder,-1,-1,-1
Neil Rock,IRE,6148,,batsman,-1,-1,-1
Finn Allen,NZ,5956,,batsman,-1,-1,-1
Tom Blundell,NZ,4624,,batsman,-1,-1,-1
Trent Boult,NZ,3924,,Bowler,-1,-1,-1
Chad Bowes,NZ,7194,,batsman,-1,-1,-1
Michael Bracewell,NZ,3934,1279,batsman,-1,-1,-1
Mark Chapman,NZ,4278,,batsman,-1,-1,-1
Devon Conway,NZ,5924,4650,batsman,-1,-1,-1
Jacob Duffy,NZ,5930,,Bowler,-1,-1,-1
Lockie Ferguson,NZ,4609,,Bowler,-1,-1,-1
Dean Foxcroft,NZ,7443,-1,Allrounder,-1,-1,-1
Matt Henry,NZ,4257,1505,bowler,-1,-1,-1
Kyle Jamieson,NZ,5774,1616,bowler,-1,-1,-1
Tom Latham,NZ,3932,1140,bowler,-1,-1,-1
Ben Lister,NZ,7123,,bowler,-1,-1,-1
Cole McConchie,NZ,6149,,Allrounder,-1,-1,-1
Adam Milne,NZ,3839,434,bowler,-1,-1,-1
Daryl Mitchell,NZ,4720,3642,Allrounder,-1,-1,-1
James Neesham,NZ,3986,,Allrounder,-1,-1,-1
Henry Nicholls,NZ,4509,2890,batsman,-1,-1,-1
Glenn Phillips,NZ,4647,3027,batsman,-1,-1,-1
Rachin Ravindra,NZ,6150,-1,bowler,-1,-1,-1
Mitchell Santner,NZ,4429,1903,bowler,-1,-1,-1
Henry Shipley,NZ,7116,,bowler,-1,-1,-1
Ish Sodhi,NZ,4243,1304,bowler,-1,-1,-1
Tim Southee,NZ,3542,307,allrounder,-1,-1,-1
Blair Tickner,NZ,4851,4598,bowler,-1,-1,-1
Kane Williamson,NZ,3817,440,allrounder,-1,-1,-1
Will Young,NZ,5927,4596,batsman,-1,-1,-1
Adithya Ashok,NZ,7442,-1,bowler,-1,-1,-1
Dane Cleaver,NZ,6795,-1,batsman,-1,-1,-1
Tim Seifert,NZ,4732,1619,batsman,-1,-1,-1
Abdullah Shafique,PAK,5921,-1,batsman,-1,-1,-1
Abrar Ahmed,PAK,7092,-1,bowler,-1,-1,-1
Agha Salman,PAK,6790,-1,allrounder,-1,-1,-1
Azhar Ali (Lahore),PAK,3816,-1,batsman,-1,-1,-1
Babar Azam,PAK,4425,-1,batsman,-1,-1,-1
Faheem Ashraf,PAK,4690,4208,allrounder,-1,-1,-1
Haris Rauf,PAK,5771,-1,allrounder,-1,-1,-1
Hasan Ali,PAK,4579,-1,bowler,-1,-1,-1
Imam-ul-Haq,PAK,4706,1568,batsman,-1,-1,-1
Mir Hamza,PAK,4820,-1,bowler,-1,-1,-1
Mohammad Ali,PAK,7054,3195,batsman,-1,-1,-1
Mohammad Nawaz,PAK,4536,3195,batsman,-1,-1,-1
Mohammad Rizwan,PAK,4412,-1,batsman,-1,-1,-1
Mohammad Wasim,PAK,6058,2760,bowler,-1,-1,-1
Naseem Shah,PAK,5727,-1,bowler,-1,-1,-1
Noman Ali,PAK,5941,-1,bowler,-1,-1,-1
Sarfaraz Ahmed,PAK,3513,-1,bowler,-1,-1,-1
Saud Shakeel,PAK,6039,-1,batsman,-1,-1,-1
Shaheen Shah Afridi,PAK,4798,-1,bowler,-1,-1,-1
Shan Masood,PAK,1101,1305,bowler,-1,-1,-1
Zahid Mahmood,PAK,2113,19581,bowler,-1,-1,-1
Fakhar Zaman,PAK,4654,-1,batsman,-1,-1,-1
Haris Sohail,PAK,4225,-1,batsman,-1,-1,-1
Iftikhar Ahmed,PAK,4488,2888,batsman,-1,-1,-1
Ihsanullah,PAK,7190,-1,bowler,-1,-1,-1
Kamran Ghulam,PAK,7121,-1,allrounder,-1,-1,-1
Mohammad Haris,PAK,6630,-1,batsman,-1,-1,-1
Mohammad Hasnain,PAK,4991,-1,bowler,-1,-1,-1
Shadab Khan,PAK,4653,3046,allrounder,-1,-1,-1
Usama Mir,PAK,7117,-1,bowler,-1,-1,-1
Zaman Khan,PAK,7193,-1,bowler,-1,-1,-1
Aamer Jamal,PAK,1068,-1,batsman,-1,-1,-1
Arafat Minhas,PAK,7531,-1,bowler,-1,-1,-1
Arshad Iqbal,PAK,5993,-1,bowler,-1,-1,-1
Asif Ali,PAK,4747,-1,batsman,-1,-1,-1
Azam Khan,PAK,2070,-1,batsman,-1,-1,-1
Haider Ali,PAK,5845,-1,batsman,-1,-1,-1
Imad Wasim,PAK,4423,2760,bowler,-1,-1,-1
Khushdil Shah,PAK,5663,-1,batsman,-1,-1,-1
Mirza Baig,PAK,7532,,batsman,-1,-1,-1
Mubasir Khan,PAK,7563,-1,allrounder,-1,-1,-1
Omair Yousuf,PAK,7533,,batsman,-1,-1,-1
Qasim Akram,PAK,7534,-1,allrounder,-1,-1,-1
Rohail Nazir,PAK,7535,-1,batsman,-1,-1,-1
Saim Ayub,PAK,7191,-1,batsman,-1,-1,-1
Sufiyan Muqeem,PAK,7536,-1,bowler,-1,-1,-1
Tayyab Tahir,PAK,7192,-1,batsman,-1,-1,-1
Usman Qadir,PAK,5920,-1,bowler,-1,-1,-1
Temba Bavuma,SA,4370,833,batsman,-1,-1,-1
Gerald Coetzee,SA,7155,-1,bowler,-1,-1,-1
Theunis de Bruyn,SA,4634,,batsman,-1,-1,-1
Tony de Zorzi,SA,7156,-1,batsman,-1,-1,-1
Dean Elgar,SA,3968,-1,allrounder,-1,-1,-1
Sarel Erwee,SA,6476,,batsman,-1,-1,-1
Simon Harmer,SA,4372,1922,bowler,-1,-1,-1
Marco Jansen,SA,5974,17068,bowler,-1,-1,-1
Heinrich Klaasen,SA,4731,3869,batsman,-1,-1,-1
Keshav Maharaj,SA,4601,1894,allrounder,-1,-1,-1
Aiden Markram,SA,4701,1667,batsman,-1,-1,-1
Wiaan Mulder,SA,4707,,allrounder,-1,-1,-1
Senuran Muthusamy,SA,5497,-1,allrounder,-1,-1,-1
Lungi Ngidi,SA,4636,3746,bowler,-1,-1,-1
Anrich Nortje,SA,4929,5433,bowler,-1,-1,-1
Keegan Petersen,SA,6014,,batsman,-1,-1,-1
Kagiso Rabada,SA,4339,1664,bowler,-1,-1,-1
Ryan Rickelton,SA,6552,,batsman,-1,-1,-1
Rassie van der Dussen,SA,4817,1277,batsman,-1,-1,-1
Kyle Verreynne,SA,5829,-1,batsman,-1,-1,-1
Khaya Zondo,SA,4730,,batsman,-1,-1,-1
Quinton de Kock,SA,3988,834,batsman,-1,-1,-1
Bjorn Fortuin,SA,5479,,bowler,-1,-1,-1
Reeza Hendricks,SA,4340,1915,bowler,-1,-1,-1
Sisanda Magala,SA,5985,,bowler,-1,-1,-1
David Miller,SA,3783,187,batsman,-1,-1,-1
Wayne Parnell,SA,3642,223,bowler,-1,-1,-1
Andile Phehlukwayo,SA,4588,,allrounder,-1,-1,-1
Tabraiz Shamsi,SA,4562,3309,bowler,-1,-1,-1
Tristan Stubbs,SA,6607,-1,batsman,-1,-1,-1
Lizaad Williams,SA,5984,,bowler,-1,-1,-1
Matthew Breetzke,SA,7453,,batsman,-1,-1,-1
Dewald Brevis,SA,6517,-1,allrounder,-1,-1,-1
Donovan Ferreira,SA,7214,-1,allrounder,-1,-1,-1
Rilee Rossouw,SA,4321,239,batsman,-1,-1,-1
Dinesh Chandimal,SL,3779,-1,batsman,-1,-1,-1
Dhananjaya de Silva,SL,4472,1295,allrounder,-1,-1,-1
Niroshan Dickwella,SL,4316,-1,batsman,-1,-1,-1
Asitha Fernando,SL,4697,-1,batsman,-1,-1,-1
Oshada Fernando,SL,4852,-1,batsman,-1,-1,-1
Nishan Madushka,SL,7187,19469,bowler,-1,-1,-1
Vishwa Fernando,SL,4574,-1,bowler,-1,-1,-1
Prabath Jayasuriya,SL,4805,5268,bowler,-1,-1,-1
Dimuth Karunaratne,SL,3871,,batsman,-1,-1,-1
Lahiru Kumara,SL,4599,3085,bowler,-1,-1,-1
Dilshan Madushanka,SL,6859,19469,bowler,-1,-1,-1
Angelo Mathews,SL,3628,217,allrounder,-1,-1,-1
Kusal Mendis,SL,4485,1670,batsman,-1,-1,-1
Ramesh Mendis,SL,5937,19998,batsman,-1,-1,-1
Kasun Rajitha,SL,3034,3154,bowler,-1,-1,-1
Sadeera Samarawickrama,SL,4704,,batsman,-1,-1,-1
Sahan Arachchige,SL,4950,-1,allrounder,-1,-1,-1
Charith Asalanka,SL,6032,,allrounder,-1,-1,-1
Ashen Bandara,SL,5950,-1,batsman,-1,-1,-1
Dushmantha Chameera,SL,4380,,bowler,-1,-1,-1
Wanindu Hasaranga,SL,4696,,bowler,-1,-1,-1
Nuwanidu Fernando,SL,7118,,batsman,-1,-1,-1
Avishka Fernando,SL,4581,-1,batsman,-1,-1,-1
Dushan Hemantha,SL,7299,,allrounder,-1,-1,-1
Chamika Karunaratne,SL,4847,-1,batsman,-1,-1,-1
Dhananjaya Lakshan,SL,6033,-1,allrounder,-1,-1,-1
Pathum Nissanka,SL,5951,17077,batsman,-1,-1,-1
Matheesha Pathirana,SL,6613,,Bowler,-1,-1,-1
Kusal Perera,SL,3994,1738,batsman,-1,-1,-1
Pramod Madushan,SL,6666,-1,bowler,-1,-1,-1
Dasun Shanaka,SL,4476,2876,allrounder,-1,-1,-1
Maheesh Theekshana,SL,6613,20707,bowler,-1,-1,-1
Jeffrey Vandersay,SL,4474,,Bowler,-1,-1,-1
Dunith Wellalage,SL,6655,100031,bowler,-1,-1,-1
Lasith Croospulle,SL,7537,,batsman,-1,-1,-1
Shevon Daniel,SL,7541,-1,batsman,-1,-1,-1
Ravindu Fernando,SL,7540,-1,allrounder,-1,-1,-1
Lahiru Udara,SL,7542,3085,bowler,-1,-1,-1
Bhanuka Rajapaksa,SL,5509,877,batsman,-1,-1,-1
Lahiru Samarakoon,SL,7542,3085,bowler,-1,-1,-1
Nuwan Thushara,SL,6475,-1,bowler,-1,-1,-1
Nimesh Vimukthi,SL,7539,-1,allrounder,-1,-1,-1
Vijayakanth Viyaskanth,SL,7543,-1,bowler,-1,-1,-1
Alick Athanaze,WI,7307,-1,allrounder,-1,-1,-1
Jermaine Blackwood,WI,4312,-1,batsman,-1,-1,-1
Nkrumah Bonner,WI,3902,,batsman,-1,-1,-1
Kraigg Brathwaite,WI,3863,1460,allrounder,-1,-1,-1
Shamarh Brooks,WI,5393,,batsman,-1,-1,-1
Tagenarine Chanderpaul,WI,7053,-1,batsman,-1,-1,-1
Roston Chase,WI,4570,3321,batsman,-1,-1,-1
Rahkeem Cornwall,WI,5401,3858,allrounder,-1,-1,-1
Joshua Da Silva,WI,5929,-1,batsman,-1,-1,-1
Shannon Gabriel,WI,3952,871,bowler,-1,-1,-1
Jason Holder,WI,3998,1075,allrounder,-1,-1,-1
Alzarri Joseph,WI,4575,3098,bowler,-1,-1,-1
Kyle Mayers,WI,5925,1902,bowler,-1,-1,-1
Kirk McKenzie,WI,7376,,batsman,-1,-1,-1
Marquino Mindley,WI,7091,,Bowler,-1,-1,-1
Gudakesh Motie,WI,6459,-1,bowler,-1,-1,-1
Anderson Phillip,WI,5954,-1,bowler,-1,-1,-1
Raymon Reifer,WI,4716,,Allrounder,-1,-1,-1
Kemar Roach,WI,3611,410,bowler,-1,-1,-1
Jayden Seales,WI,6013,19107,bowler,-1,-1,-1
Devon Thomas,WI,3718,,batsman,-1,-1,-1
Jomel Warrican,WI,4486,2879,bowler,-1,-1,-1
Akeem Jordan,WI,7302,,Bowler,-1,-1,-1
Yannic Cariah,WI,6854,-1,Bowler,-1,-1,-1
Keacy Carty,WI,6619,,Allrounder,-1,-1,-1
Johnson Charles,WI,3903,,batsman,-1,-1,-1
Dominic Drakes,WI,6458,,Allrounder,-1,-1,-1
Shimron Hetmyer,WI,4681,1705,batsman,-1,-1,-1
Kavem Hodge,WI,7301,-1,Allrounder,-1,-1,-1
Shai Hope,WI,4417,2751,batsman,-1,-1,-1
Akeal Hosein,WI,5935,20593,bowler,-1,-1,-1
Brandon King,WI,3800,1708,batsman,-1,-1,-1
Keemo Paul,WI,4742,,Allrounder,-1,-1,-1
Nicholas Pooran,WI,4587,1703,batsman,-1,-1,-1
Rovman Powell,WI,3022,3333,bowler,-1,-1,-1
Romario Shepherd,WI,5662,-1,bowler,-1,-1,-1
Kevin Sinclair,WI,5952,-1,bowler,-1,-1,-1
Odean Smith,WI,4748,3103,bowler,-1,-1,-1
Sheldon Cottrell,WI,4249,1309,bowler,-1,-1,-1
Obed McCoy,WI,4825,3100,bowler,-1,-1,-1
Gary Ballance,ZIM,4234,,batsman,-1,-1,-1
Chamu Chibhabha,ZIM,3320,,batsman,-1,-1,-1
Tanaka Chivanga,ZIM,6615,,Bowler,-1,-1,-1
Craig Ervine,ZIM,3780,,batsman,-1,-1,-1
Brad Evans,ZIM,6617,,Allrounder,-1,-1,-1
Innocent Kaia,ZIM,6198,,batsman,-1,-1,-1
Tanunurwa Makoni,ZIM,7124,,batsman,-1,-1,-1
Wellington Masakadza,ZIM,4482,,Bowler,-1,-1,-1
Brandon Mavuta,ZIM,4800,,Allrounder,-1,-1,-1
Richard Ngarava,ZIM,4646,,Bowler,-1,-1,-1
Victor Nyauchi,ZIM,5768,,Bowler,-1,-1,-1
Milton Shumba,ZIM,5922,,batsman,-1,-1,-1
Donald Tiripano,ZIM,4314,,Bowler,-1,-1,-1
Tafadzwa Tsiga,ZIM,7125,,batsman,-1,-1,-1
Ryan Burl,ZIM,4645,,batsman,-1,-1,-1
Tendai Chatara,ZIM,3792,,Bowler,-1,-1,-1
Joylord Gumbie,ZIM,7323,,batsman,-1,-1,-1
Luke Jongwe,ZIM,4319,,Allrounder,-1,-1,-1
Clive Madande,ZIM,6654,,batsman,-1,-1,-1
Wessly Madhevere,ZIM,5830,,Allrounder,-1,-1,-1
Tadiwanashe Marumani,ZIM,5992,,batsman,-1,-1,-1
Blessing Muzarabani,ZIM,4719,,Bowler,-1,-1,-1
Sikandar Raza,ZIM,4022,,Allrounder,-1,-1,-1
Sean Williams,ZIM,3270,,batsman,-1,-1,-1
Regis Chakabva,ZIM,3622,,batsman,-1,-1,-1
Faraz Akram,ZIM,5923,,Allrounder,-1,-1,-1
Tinashe Kamunhukamwe,ZIM,4804,,batsman,-1,-1,-1
Nyasha Mayavo,ZIM,7613,,batsman,-1,-1,-1
Carl Mumba,ZIM,4600,,Allrounder,-1,-1,-1
Tony Munyonga,ZIM,5473,,Allrounder,-1,-1,-1
Ainsley Ndlovu,ZIM,5249,,BOWLER,-1,-1,-1
Nick Welch,ZIM,7611,,batsman,-1,-1,-1