name,country,howstatid,iccid,role
Arshdeep Singh,IND,4933,4698,bowler
Ravichandran Ashwin,IND,3788,8,allrounder
Jasprit Bumrah,IND,4062,1124,bowler
Yuzvendra Chahal,IND,4063,111,bowler
Deepak Chahar,IND,4557,140,bowler
Shikhar Dhawan,IND,3832,41,batsman
Ruturaj Gaikwad,IND,4931,5443,batsman
Deepak Hooda,IND,4404,,batsman
Ishan Kishan,IND,4544,-1,batsman
Shreyas Iyer,IND,4387,1563,batsman
Ravindra Jadeja,IND,3644,9,allrounder
Virat Kohli,IND,3600,164,batsman
Kuldeep Yadav,IND,4652,261,bowler
Mohammed Shami,IND,3993,-1,bowler
Mohammed Siraj,IND,4675,3840,batsman
Mukesh Kumar,IND,7228,-1,bowler
Hardik Pandya,IND,4399,2740,allrounder
Rishabh Pant,IND,4542,,batsman
Axar Patel,IND,4310,,allrounder
Prasidh Krishna,IND,4930,-1,bowler
KL Rahul,IND,4137,,batsman
Sanju Samson,IND,4099,,batsman
Kuldeep Sen,IND,6544,,Bowler
Shahbaz Ahmed,IND,5861,-1,allrounder
Rohit Sharma,IND,3474,107,bowler
Shubman Gill,IND,4769,3761,batsman
Shardul Thakur,IND,4393,1745,bowler
Tilak Varma,IND,6522,-1,batsman
Umran Malik,IND,6204,-1,bowler
Jaydev Unadkat,IND,3838,-1,bowler
Washington Sundar,IND,4684,-1,bowler
Suryakumar Yadav,IND,4073,108,allrounder
Srikar Bharat,IND,4384,-1,batsman
Yashasvi Jaiswal,IND,5857,-1,batsman
Cheteshwar Pujara,IND,3826,,batsman
Ajinkya Rahane,IND,3889,-1,batsman
Umesh Yadav,IND,3786,,bowler
Avesh Khan,IND,4673,-1,bowler
Shivam Dube,IND,4945,-1,batsman
Bhuvneshwar Kumar,IND,3991,116,bowler
Harshal Patel,IND,4125,-1,bowler
Ravi Bishnoi,IND,5851,19351,bowler
Sai Kishore,IND,5846,-1,bowler
Jitesh Sharma,IND,4554,,batsman
Shivam Mavi,IND,4768,,bowler
Rinku Singh,IND,4665,-1,batsman
Rahul Tripathi,IND,4679,,batsman
Abdul Malik,AFG,5946,-1,batsman
Abdul Rahman,AFG,7367,-1,bowler
Afsar Zazai,AFG,4245,-1,batsman
Amir Hamza,AFG,3935,,allrounder
Azmatullah Omarzai,AFG,5936,5134,allrounder
Bahir Shah,AFG,7322,-1,batsman
Fareed Ahmad,AFG,4363,-1,bowler
Fazalhaq Farooqi,AFG,5955,19231,bowler
Gulbadin Naib,AFG,3877,613,allrounder
Hashmatullah Shahidi,AFG,4239,-1,batsman
Hazratullah Zazai,AFG,4615,5134,batsman
Ibrahim Zadran,AFG,5471,-1,batsman
Ikram Alikhil,AFG,4928,-1,batsman
Karim Janat,AFG,4611,2901,bowler
Mohammad Nabi,AFG,3665,618,allrounder
Mohammad Saleem,AFG,7353,-1,bowler
Mohammad Shahzad,AFG,3728,-1,batsman
Mujeeb Ur Rahman,AFG,4714,4572,bowler
Najibullah Zadran,AFG,3960,620,batsman
Nasir Jamal,AFG,4315,-1,batsman
Naveen-ul-Haq,AFG,4590,,Bowler
Nijat Masood,AFG,6641,2905,Bowler
Noor Ahmad,AFG,6536,-1,Bowler
Noor Ali Zadran,AFG,3663,-1,batsman
Qais Ahmad,AFG,5472,-1,Bowler
Rahmanullah Gurbaz,AFG,5474,17115,batsman
Rahmat Shah,AFG,4009,-1,allrounder
Rashid Khan,AFG,4484,-1,allrounder
Riaz Hassan,AFG,6469,-1,batsman
Sediqullah Atal,AFG,7195,-1,batsman
Shahidullah,AFG,3730,-1,allrounder
Sharafuddin Ashraf,AFG,4313,-1,allrounder
Usman Ghani,AFG,4300,-1,batsman
Wafadar Momand,AFG,4795,-1,Bowler
Yamin Ahmadzai,AFG,4507,2894,bowler
Zahir Khan,AFG,4782,2909,bowler
Zia-ur-Rehman,AFG,7368,-1,allrounder
Zubaid Akbari,AFG,7564,-1,allrounder
Ashton Agar,AUS,4224,935,bowler
Scott Boland,AUS,4511,1475,bowler
Alex Carey,AUS,4726,3882,batsman
Pat Cummins,AUS,3909,488,bowler
Cameron Green,AUS,4330,4093,allrounder
Peter Handscomb,AUS,4558,,batsman
Josh Hazlewood,AUS,3799,857,bowler
Travis Head,AUS,4386,1020,allrounder
Usman Khawaja,AUS,3842,-1,batsman
Matthew Kuhnemann,AUS,6656,4023,bowler
Marnus Labuschagne,AUS,4816,4029,batsman
Nathan Lyon,AUS,3885,797,bowler
Mitchell Marsh,AUS,3912,,allrounder
Todd Murphy,AUS,7126,-1,bowler
Michael Neser,AUS,4201,909,allrounder
Matt Renshaw,AUS,4607,-1,batsman
Steven Smith,AUS,1642,271,batsman
Mitchell Starc,AUS,3830,,allrounder
David Warner,AUS,1463,170,bowler
Sean Abbott,AUS,4331,942,bowler
,AUS,5332,4524,batsman
Nathan Ellis,AUS,6082,,bowler
Aaron Hardie,AUS,7448,,allrounder
Josh Inglis,AUS,6471,4088,batsman
Spencer Johnson,AUS,7449,,bowler
Glenn Maxwell,AUS,3969,282,allrounder
Tanveer Sangha,AUS,7450,-1,bowler
Matthew Short,AUS,4729,-1,batsman
Marcus Stoinis,AUS,4389,964,allrounder
Adam Zampa,AUS,4527,958,bowler
Jason Behrendorff,AUS,4705,,bowler
Ashton Turner,AUS,4648,,allrounder
Ebadot Hossain,BAN,4925,3711,bowler
Khaled Ahmed,BAN,4833,5281,bowler
Litton Das,BAN,4430,1596,batsman
Mahmudul Hasan Joy,BAN,3623,492,batsman
Mehidy Hasan Miraz,BAN,4598,-1,allrounder
Mominul Haque,BAN,3980,-1,bowler
Mushfiqur Rahim,BAN,3279,-1,batsman
Najmul Hossain Shanto,BAN,4633,-1,batsman
Nurul Hasan,BAN,4514,-1,batsman
Shakib Al Hasan,BAN,3426,201,allrounder
Shoriful Islam,BAN,5958,-1,bowler
Taijul Islam,BAN,4324,1904,bowler
Tamim Iqbal,BAN,3461,287,batsman
Taskin Ahmed,BAN,4299,1839,batsman
Yasir Ali,BAN,6456,-1,batsman
Zakir Hasan,BAN,2953,-1,batsman
Afif Hossain,BAN,4734,-1,allrounder
Anamul Haque,BAN,3979,-1,batsman
Hasan Mahmud,BAN,5842,-1,bowler
Mahedi Hasan,BAN,4737,-1,bowler
Mahmudullah,BAN,3488,492,allrounder
Mohammad Naim,BAN,3488,-1,allrounder
Mrittunjoy Chowdhury,BAN,7273,-1,bowler
Mustafizur Rahman,BAN,4414,1594,bowler
Nasum Ahmed,BAN,5957,-1,bowler
Rony Talukdar,BAN,4448,-1,batsman
Shamim Hossain,BAN,6048,-1,allrounder
Soumya Sarkar,BAN,4362,-1,batsman
Tanzid Hasan,BAN,7451,-1,batsman
Tanzim Hasan Sakib,BAN,7454,-1,bowler
Towhid Hridoy,BAN,7162,-1,batsman
Hasan Murad,BAN,7562,-1,bowler
Jaker Ali,BAN,7544,-1,batsman
Ripon Mondol,BAN,7545,,bowler
Mosaddek Hossain,BAN,4516,-1,bowler
Parvez Hossain Emon,BAN,6840,-1,batsman
Rakibul Hasan,BAN,7546,201,bowler
Rishad Hossain,BAN,7198,-1,bowler
Saif Hassan,BAN,5773,-1,batsman
Shahadat Hossain,BAN,7547,-1,bowler
Sumon Khan,BAN,7548,-1,bowler
Tanvir Islam,BAN,7182,-1,bowler
Moeen Ali,ENG,4271,1735,allrounder
James Anderson,ENG,3065,,bowler
Jonny Bairstow,ENG,3900,506,batsman
Stuart Broad,ENG,3434,192,bowler
Harry Brook,ENG,6470,,batsman
Zak Crawley,ENG,5736,-1,batsman
Ben Duckett,ENG,4596,1542,batsman
Ben Foakes,ENG,4832,,batsman
Will Jacks,ENG,6922,-1,allrounder
Jack Leach,ENG,4744,3363,bowler
Liam Livingstone,ENG,4692,3644,bowler
Ollie Pope,ENG,4814,,batsman
Matthew Potts,ENG,6622,-1,bowler
Rehan Ahmed,ENG,7109,-1,allrounder
Ollie Robinson,ENG,6010,4434,bowler
Joe Root,ENG,3981,887,allrounder
Ben Stokes,ENG,3883,1154,allrounder
Josh Tongue,ENG,7298,-1,bowler
Chris Woakes,ENG,3846,967,bowler
Mark Wood,ENG,4421,2749,bowler
Jofra Archer,ENG,4777,3502,bowler
Gus Atkinson,ENG,7452,,bowler
Sam Billings,ENG,4428,-1,batsman
Jos Buttler,ENG,3888,509,batsman
Brydon Carse,ENG,6036,,allrounder
Sam Curran,ENG,4787,2939,bowler
Liam Dawson,ENG,4566,-1,allrounder
Sam Hain,ENG,7484,,batsman
Tom Hartley,ENG,7485,-1,bowler
Chris Jordan,ENG,4238,,bowler
Saqib Mahmood,ENG,5658,-1,bowler
Dawid Malan,ENG,4694,3318,batsman
Adil Rashid,ENG,3696,796,bowler
Jason Roy,ENG,4325,1906,batsman
Phil Salt,ENG,6038,,batsman
George Scrimshaw,ENG,7482,,bowler
Jamie Smith,ENG,7483,,batsman
Olly Stone,ENG,4819,,Bowler
Reece Topley,ENG,4479,2839,bowler
James Vince,ENG,4419,-1,batsman
David Willey,ENG,4420,2758,allrounder
Luke Wood,ENG,6921,-1,bowler
Alex Hales,ENG,3887,511,batsman
Mark Adair,IRE,5089,,allrounder
Andy Balbirnie,IRE,3809,,batsman
Curtis Campher,IRE,5844,,allrounder
Murray Commins,IRE,7122,,batsman
George Dockrell,IRE,3752,,allrounder
Fionn Hand,IRE,6850,,allrounder
Graham Hume,IRE,6783,,bowler
Matthew Humphreys,IRE,7189,,Bowler
Andy McBrine,IRE,4294,,allrounder
James McCollum,IRE,4926,,batsman
Peter Moor,IRE,4359,,batsman
Paul Stirling,IRE,3586,,allrounder
Harry Tector,IRE,5476,,batsman
Lorcan Tucker,IRE,4586,,batsman
Ben White,IRE,6049,,Bowler
Gareth Delany,IRE,5298,,allrounder
Stephen Doheny,IRE,7120,,batsman
Josh Little,IRE,4584,,Bowler
Barry McCarthy,IRE,4563,,Bowler
Theo van Woerkom,IRE,7487,,allrounder
Craig Young,IRE,4328,,Bowler
Ross Adair,IRE,7119,,batsman
Tyrone Kane,IRE,4433,,Allrounder
Neil Rock,IRE,6148,,batsman
Finn Allen,NZ,5956,,batsman
Tom Blundell,NZ,4624,,batsman
Trent Boult,NZ,3924,,Bowler
Chad Bowes,NZ,7194,,batsman
Michael Bracewell,NZ,3934,1279,batsman
Mark Chapman,NZ,4278,,batsman
Devon Conway,NZ,5924,4650,batsman
Jacob Duffy,NZ,5930,,Bowler
Lockie Ferguson,NZ,4609,,Bowler
Dean Foxcroft,NZ,7443,-1,Allrounder
Matt Henry,NZ,4257,1505,bowler
Kyle Jamieson,NZ,5774,1616,bowler
Tom Latham,NZ,3932,1140,bowler
Ben Lister,NZ,7123,,bowler
Cole McConchie,NZ,6149,,Allrounder
Adam Milne,NZ,3839,434,bowler
Daryl Mitchell,NZ,4720,3642,Allrounder
James Neesham,NZ,3986,,Allrounder
Henry Nicholls,NZ,4509,2890,batsman
Glenn Phillips,NZ,4647,3027,batsman
Rachin Ravindra,NZ,6150,-1,bowler
Mitchell Santner,NZ,4429,1903,bowler
Henry Shipley,NZ,7116,,bowler
Ish Sodhi,NZ,4243,1304,bowler
Tim Southee,NZ,3542,307,allrounder
Blair Tickner,NZ,4851,4598,bowler
Kane Williamson,NZ,3817,440,allrounder
Will Young,NZ,5927,4596,batsman
Adithya Ashok,NZ,7442,-1,bowler
Dane Cleaver,NZ,6795,-1,batsman
Tim Seifert,NZ,4732,1619,batsman
Abdullah Shafique,PAK,5921,-1,batsman
Abrar Ahmed,PAK,7092,-1,bowler
Agha Salman,PAK,6790,-1,allrounder
Azhar Ali (Lahore),PAK,3816,-1,batsman
Babar Azam,PAK,4425,-1,batsman
Faheem Ashraf,PAK,4690,4208,allrounder
Haris Rauf,PAK,5771,-1,allrounder
Hasan Ali,PAK,4579,-1,bowler
Imam-ul-Haq,PAK,4706,1568,batsman
Mir Hamza,PAK,4820,-1,bowler
Mohammad Ali,PAK,7054,3195,batsman
Mohammad Nawaz,PAK,4536,3195,batsman
Mohammad Rizwan,PAK,4412,-1,batsman
Mohammad Wasim,PAK,6058,2760,bowler
Naseem Shah,PAK,5727,-1,bowler
Noman Ali,PAK,5941,-1,bowler
Sarfaraz Ahmed,PAK,3513,-1,bowler
Saud Shakeel,PAK,6039,-1,batsman
Shaheen Shah Afridi,PAK,4798,-1,bowler
Shan Masood,PAK,1101,1305,bowler
Zahid Mahmood,PAK,2113,19581,bowler
Fakhar Zaman,PAK,4654,-1,batsman
Haris Sohail,PAK,4225,-1,batsman
Iftikhar Ahmed,PAK,4488,2888,batsman
Ihsanullah,PAK,7190,-1,bowler
Kamran Ghulam,PAK,7121,-1,allrounder
Mohammad Haris,PAK,6630,-1,batsman
Mohammad Hasnain,PAK,4991,-1,bowler
Shadab Khan,PAK,4653,3046,allrounder
Usama Mir,PAK,7117,-1,bowler
Zaman Khan,PAK,7193,-1,bowler
Aamer Jamal,PAK,1068,-1,batsman
Arafat Minhas,PAK,7531,-1,bowler
Arshad Iqbal,PAK,5993,-1,bowler
Asif Ali,PAK,4747,-1,batsman
Azam Khan,PAK,2070,-1,batsman
Haider Ali,PAK,5845,-1,batsman
Imad Wasim,PAK,4423,2760,bowler
Khushdil Shah,PAK,5663,-1,batsman
Mirza Baig,PAK,7532,,batsman
Mubasir Khan,PAK,7563,-1,allrounder
Omair Yousuf,PAK,7533,,batsman
Qasim Akram,PAK,7534,-1,allrounder
Rohail Nazir,PAK,7535,-1,batsman
Saim Ayub,PAK,7191,-1,batsman
Sufiyan Muqeem,PAK,7536,-1,bowler
Tayyab Tahir,PAK,7192,-1,batsman
Usman Qadir,PAK,5920,-1,bowler
Temba Bavuma,SA,4370,833,batsman
Gerald Coetzee,SA,7155,-1,bowler
Theunis de Bruyn,SA,4634,,batsman
Tony de Zorzi,SA,7156,-1,batsman
Dean Elgar,SA,3968,-1,allrounder
Sarel Erwee,SA,6476,,batsman
Simon Harmer,SA,4372,1922,bowler
Marco Jansen,SA,5974,17068,bowler
Heinrich Klaasen,SA,4731,3869,batsman
Keshav Maharaj,SA,4601,1894,allrounder
Aiden Markram,SA,4701,1667,batsman
Wiaan Mulder,SA,4707,,allrounder
Senuran Muthusamy,SA,5497,-1,allrounder
Lungi Ngidi,SA,4636,3746,bowler
Anrich Nortje,SA,4929,5433,bowler
Keegan Petersen,SA,6014,,batsman
Kagiso Rabada,SA,4339,1664,bowler
Ryan Rickelton,SA,6552,,batsman
Rassie van der Dussen,SA,4817,1277,batsman
Kyle Verreynne,SA,5829,-1,batsman
Khaya Zondo,SA,4730,,batsman
Quinton de Kock,SA,3988,834,batsman
Bjorn Fortuin,SA,5479,,bowler
Reeza Hendricks,SA,4340,1915,bowler
Sisanda Magala,SA,5985,,bowler
David Miller,SA,3783,187,batsman
Wayne Parnell,SA,3642,223,bowler
Andile Phehlukwayo,SA,4588,,allrounder
Tabraiz Shamsi,SA,4562,3309,bowler
Tristan Stubbs,SA,6607,-1,batsman
Lizaad Williams,SA,5984,,bowler
Matthew Breetzke,SA,7453,,batsman
Dewald Brevis,SA,6517,-1,allrounder
Donovan Ferreira,SA,7214,-1,allrounder
Rilee Rossouw,SA,4321,239,batsman
Dinesh Chandimal,SL,3779,-1,batsman
Dhananjaya de Silva,SL,4472,1295,allrounder
Niroshan Dickwella,SL,4316,-1,batsman
Asitha Fernando,SL,4697,-1,batsman
Oshada Fernando,SL,4852,-1,batsman
Nishan Madushka,SL,7187,19469,bowler
Vishwa Fernando,SL,4574,-1,bowler
Prabath Jayasuriya,SL,4805,5268,bowler
Dimuth Karunaratne,SL,3871,,batsman
Lahiru Kumara,SL,4599,3085,bowler
Dilshan Madushanka,SL,6859,19469,bowler
Angelo Mathews,SL,3628,217,allrounder
Kusal Mendis,SL,4485,1670,batsman
Ramesh Mendis,SL,5937,19998,batsman
Kasun Rajitha,SL,3034,3154,bowler
Sadeera Samarawickrama,SL,4704,,batsman
Sahan Arachchige,SL,4950,-1,allrounder
Charith Asalanka,SL,6032,,allrounder
Ashen Bandara,SL,5950,-1,batsman
Dushmantha Chameera,SL,4380,,bowler
Wanindu Hasaranga,SL,4696,,bowler
Nuwanidu Fernando,SL,7118,,batsman
Avishka Fernando,SL,4581,-1,batsman
Dushan Hemantha,SL,7299,,allrounder
Chamika Karunaratne,SL,4847,-1,batsman
Dhananjaya Lakshan,SL,6033,-1,allrounder
Pathum Nissanka,SL,5951,17077,batsman
Matheesha Pathirana,SL,6613,,Bowler
Kusal Perera,SL,3994,1738,batsman
Pramod Madushan,SL,6666,-1,bowler
Dasun Shanaka,SL,4476,2876,allrounder
Maheesh Theekshana,SL,6613,20707,bowler
Jeffrey Vandersay,SL,4474,,Bowler
Dunith Wellalage,SL,6655,100031,bowler
Lasith Croospulle,SL,7537,,batsman
Shevon Daniel,SL,7541,-1,batsman
Ravindu Fernando,SL,7540,-1,allrounder
Lahiru Udara,SL,7542,3085,bowler
Bhanuka Rajapaksa,SL,5509,877,batsman
Lahiru Samarakoon,SL,7542,3085,bowler
Nuwan Thushara,SL,6475,-1,bowler
Nimesh Vimukthi,SL,7539,-1,allrounder
Vijayakanth Viyaskanth,SL,7543,-1,bowler
Alick Athanaze,WI,7307,-1,allrounder
Jermaine Blackwood,WI,4312,-1,batsman
Nkrumah Bonner,WI,3902,,batsman
Kraigg Brathwaite,WI,3863,1460,allrounder
Shamarh Brooks,WI,5393,,batsman
Tagenarine Chanderpaul,WI,7053,-1,batsman
Roston Chase,WI,4570,3321,batsman
Rahkeem Cornwall,WI,5401,3858,allrounder
Joshua Da Silva,WI,5929,-1,batsman
Shannon Gabriel,WI,3952,871,bowler
Jason Holder,WI,3998,1075,allrounder
Alzarri Joseph,WI,4575,3098,bowler
Kyle Mayers,WI,5925,1902,bowler
Kirk McKenzie,WI,7376,,batsman
Marquino Mindley,WI,7091,,Bowler
Gudakesh Motie,WI,6459,-1,bowler
Anderson Phillip,WI,5954,-1,bowler
Raymon Reifer,WI,4716,,Allrounder
Kemar Roach,WI,3611,410,bowler
Jayden Seales,WI,6013,19107,bowler
Devon Thomas,WI,3718,,batsman
Jomel Warrican,WI,4486,2879,bowler
Akeem Jordan,WI,7302,,Bowler
Yannic Cariah,WI,6854,-1,Bowler
Keacy Carty,WI,6619,,Allrounder
Johnson Charles,WI,3903,,batsman
Dominic Drakes,WI,6458,,Allrounder
Shimron Hetmyer,WI,4681,1705,batsman
Kavem Hodge,WI,7301,-1,Allrounder
Shai Hope,WI,4417,2751,batsman
Akeal Hosein,WI,5935,20593,bowler
Brandon King,WI,3800,1708,batsman
Keemo Paul,WI,4742,,Allrounder
Nicholas Pooran,WI,4587,1703,batsman
Rovman Powell,WI,3022,3333,bowler
Romario Shepherd,WI,5662,-1,bowler
Kevin Sinclair,WI,5952,-1,bowler
Odean Smith,WI,4748,3103,bowler
Sheldon Cottrell,WI,4249,1309,bowler
Obed McCoy,WI,4825,3100,bowler
Gary Ballance,ZIM,4234,,batsman
Chamu Chibhabha,ZIM,3320,,batsman
Tanaka Chivanga,ZIM,6615,,Bowler
Craig Ervine,ZIM,3780,,batsman
Brad Evans,ZIM,6617,,Allrounder
Innocent Kaia,ZIM,6198,,batsman
Tanunurwa Makoni,ZIM,7124,,batsman
Wellington Masakadza,ZIM,4482,,Bowler
Brandon Mavuta,ZIM,4800,,Allrounder
Richard Ngarava,ZIM,4646,,Bowler
Victor Nyauchi,ZIM,5768,,Bowler
Milton Shumba,ZIM,5922,,batsman
Donald Tiripano,ZIM,4314,,Bowler
Tafadzwa Tsiga,ZIM,7125,,batsman
Ryan Burl,ZIM,4645,,batsman
Tendai Chatara,ZIM,3792,,Bowler
Joylord Gumbie,ZIM,7323,,batsman
Luke Jongwe,ZIM,4319,,Allrounder
Clive Madande,ZIM,6654,,batsman
Wessly Madhevere,ZIM,5830,,Allrounder
Tadiwanashe Marumani,ZIM,5992,,batsman
Blessing Muzarabani,ZIM,4719,,Bowler
Sikandar Raza,ZIM,4022,,Allrounder
Sean Williams,ZIM,3270,,batsman
Regis Chakabva,ZIM,3622,,batsman
Faraz Akram,ZIM,5923,,Allrounder
Tinashe Kamunhukamwe,ZIM,4804,,batsman
Nyasha Mayavo,ZIM,7613,,batsman
Carl Mumba,ZIM,4600,,Allrounder
Tony Munyonga,ZIM,5473,,Allrounder
Ainsley Ndlovu,ZIM,5249,,BOWLER
Nick Welch,ZIM,7611,,batsman